{"cameraMode":{"drawMode":0,"name":"Shaded","section":"Shading Mode"},"sceneLighting":true,"audioPlay":false,"sceneViewState":{"showFog":true,"showMaterialUpdate":false,"showSkybox":false,"showFlares":true,"showImageEffects":true,"showParticleSystems":true},"in2DMode":false,"pivot":{"x":23.901321411132814,"y":9.089780807495118,"z":-12.974562644958496},"rotation":{"x":-0.5323407053947449,"y":-0.12048347294330597,"z":0.07686927169561386,"w":-0.8343803286552429},"size":18.481576919555665,"orthographic":false}